{
  "resources": [
    "sounds.webm",
    "sounds.ogg",
    "sounds.mp3"
  ],
  "spritemap": {
    "ammo": {
      "start": 0,
      "end": 0.3657142857142857,
      "loop": false
    },
    "aug_cycle": {
      "start": 2,
      "end": 2.6481179138321993,
      "loop": false
    },
    "aug_fire": {
      "start": 4,
      "end": 4.668662131519274,
      "loop": false
    },
    "aug_fire_8bit": {
      "start": 6,
      "end": 6.6,
      "loop": false
    },
    "aug_insert_mag": {
      "start": 8,
      "end": 8.218503401360545,
      "loop": false
    },
    "aug_remove_mag": {
      "start": 10,
      "end": 10.251972789115646,
      "loop": false
    },
    "capture_spatula": {
      "start": 12,
      "end": 13.697959183673468,
      "loop": false
    },
    "cluck9mm_fire": {
      "start": 15,
      "end": 15.809795918367348,
      "loop": false
    },
    "cluck9mm_fire_8bit": {
      "start": 17,
      "end": 17.47580498866213,
      "loop": false
    },
    "cluck9mm_fire_pop": {
      "start": 19,
      "end": 19.490022675736963,
      "loop": false
    },
    "cluck9mm_fire_wand": {
      "start": 21,
      "end": 21.927120181405897,
      "loop": false
    },
    "cluck9mm_insert_mag": {
      "start": 23,
      "end": 23.75755102040816,
      "loop": false
    },
    "cluck9mm_remove_mag": {
      "start": 25,
      "end": 25.47020408163265,
      "loop": false
    },
    "csg1_fire": {
      "start": 27,
      "end": 28.671836734693876,
      "loop": false
    },
    "csg1_fire_8bit": {
      "start": 30,
      "end": 31.03891156462585,
      "loop": false
    },
    "csg1_fire_catz": {
      "start": 33,
      "end": 33.48988662131519,
      "loop": false
    },
    "csg1_pull_action": {
      "start": 35,
      "end": 35.391836734693875,
      "loop": false
    },
    "csg1_release_action": {
      "start": 37,
      "end": 37.287346938775514,
      "loop": false
    },
    "death_scream1": {
      "start": 39,
      "end": 40.201632653061225,
      "loop": false
    },
    "death_scream10": {
      "start": 42,
      "end": 43.22775510204082,
      "loop": false
    },
    "death_scream2": {
      "start": 45,
      "end": 46.30612244897959,
      "loop": false
    },
    "death_scream3": {
      "start": 48,
      "end": 48.6530612244898,
      "loop": false
    },
    "death_scream4": {
      "start": 50,
      "end": 50.522448979591836,
      "loop": false
    },
    "death_scream5": {
      "start": 52,
      "end": 52.9404081632653,
      "loop": false
    },
    "death_scream6": {
      "start": 54,
      "end": 55.071020408163264,
      "loop": false
    },
    "death_scream7": {
      "start": 57,
      "end": 58.85469387755102,
      "loop": false
    },
    "death_scream8": {
      "start": 60,
      "end": 61.12326530612245,
      "loop": false
    },
    "death_scream9": {
      "start": 63,
      "end": 64.07102040816326,
      "loop": false
    },
    "dozenGauge_close": {
      "start": 66,
      "end": 66.3134693877551,
      "loop": false
    },
    "dozenGauge_fire": {
      "start": 68,
      "end": 69.35836734693878,
      "loop": false
    },
    "dozenGauge_fire_8bit": {
      "start": 71,
      "end": 71.56802721088435,
      "loop": false
    },
    "dozenGauge_fire_badoosh": {
      "start": 73,
      "end": 73.55149659863946,
      "loop": false
    },
    "dozenGauge_load": {
      "start": 75,
      "end": 75.47020408163266,
      "loop": false
    },
    "dozenGauge_open": {
      "start": 77,
      "end": 77.47020408163266,
      "loop": false
    },
    "drop_spatula": {
      "start": 79,
      "end": 80.51510204081633,
      "loop": false
    },
    "eggk47_dry_fire": {
      "start": 82,
      "end": 82.6269387755102,
      "loop": false
    },
    "eggk47_eggk-technoskin": {
      "start": 84,
      "end": 84.39548752834467,
      "loop": false
    },
    "eggk47_fire": {
      "start": 86,
      "end": 86.6008163265306,
      "loop": false
    },
    "eggk47_fire_8bit": {
      "start": 88,
      "end": 88.37600907029478,
      "loop": false
    },
    "eggk47_full_cycle": {
      "start": 90,
      "end": 90.39183673469388,
      "loop": false
    },
    "eggk47_insert_mag": {
      "start": 92,
      "end": 92.20897959183674,
      "loop": false
    },
    "eggk47_remove_mag": {
      "start": 94,
      "end": 94.3395918367347,
      "loop": false
    },
    "grenade": {
      "start": 96,
      "end": 98.27265306122449,
      "loop": false
    },
    "grenade_beep": {
      "start": 100,
      "end": 100.15673469387755,
      "loop": false
    },
    "grenade_bloodonade": {
      "start": 102,
      "end": 103.86641723356009,
      "loop": false
    },
    "grenade_corrupt": {
      "start": 105,
      "end": 107.12687074829932,
      "loop": false
    },
    "grenade_glitterbomb": {
      "start": 109,
      "end": 110.74687074829932,
      "loop": false
    },
    "grenade_holy": {
      "start": 112,
      "end": 114.40072562358277,
      "loop": false
    },
    "grenade_pin": {
      "start": 116,
      "end": 116.47020408163266,
      "loop": false
    },
    "grenade_skullnado": {
      "start": 118,
      "end": 120.65691609977324,
      "loop": false
    },
    "grenade_supernova": {
      "start": 122,
      "end": 124.3421768707483,
      "loop": false
    },
    "grenade_thermal": {
      "start": 126,
      "end": 128.49600907029478,
      "loop": false
    },
    "grenade_tp": {
      "start": 130,
      "end": 132.10795918367347,
      "loop": false
    },
    "grenade_unicorn": {
      "start": 134,
      "end": 136.3324036281179,
      "loop": false
    },
    "gun": {
      "start": 138,
      "end": 138.49632653061224,
      "loop": false
    },
    "hammer_click": {
      "start": 140,
      "end": 140.07836734693876,
      "loop": false
    },
    "hit": {
      "start": 142,
      "end": 142.23510204081632,
      "loop": false
    },
    "m24_bolt_close": {
      "start": 144,
      "end": 144.44408163265305,
      "loop": false
    },
    "m24_bolt_open": {
      "start": 146,
      "end": 146.39183673469387,
      "loop": false
    },
    "m24_fire": {
      "start": 148,
      "end": 148.9926530612245,
      "loop": false
    },
    "m24_fire_8bit": {
      "start": 150,
      "end": 150.8133560090703,
      "loop": false
    },
    "m24_fire_untz": {
      "start": 152,
      "end": 152.74891156462584,
      "loop": false
    },
    "pickup": {
      "start": 154,
      "end": 154.39986394557823,
      "loop": false
    },
    "rooster": {
      "start": 156,
      "end": 158.37714285714287,
      "loop": false
    },
    "rpegg_deny": {
      "start": 160,
      "end": 160.2873469387755,
      "loop": false
    },
    "rpegg_fire": {
      "start": 162,
      "end": 163.12326530612245,
      "loop": false
    },
    "rpegg_fire_8bit": {
      "start": 165,
      "end": 165.74315192743765,
      "loop": false
    },
    "rpegg_load": {
      "start": 167,
      "end": 167.6530612244898,
      "loop": false
    },
    "rpegg_rocket_fly": {
      "start": 169,
      "end": 171.82122448979592,
      "loop": false
    },
    "rpegg_rocket_hit": {
      "start": 173,
      "end": 175.1942857142857,
      "loop": false
    },
    "rpegg_rocket_poof": {
      "start": 177,
      "end": 177.6530612244898,
      "loop": false
    },
    "rpegg_rpegg-techno": {
      "start": 179,
      "end": 179.43467120181407,
      "loop": false
    },
    "shell_burst": {
      "start": 181,
      "end": 181.57469387755103,
      "loop": false
    },
    "shellstreak_end": {
      "start": 183,
      "end": 185,
      "loop": false
    },
    "shellstreak_start": {
      "start": 186,
      "end": 187.9,
      "loop": false
    },
    "shield_hit": {
      "start": 189,
      "end": 189.22027210884355,
      "loop": false
    },
    "smg_cycle": {
      "start": 191,
      "end": 191.9142857142857,
      "loop": false
    },
    "smg_fire": {
      "start": 193,